Wavelength (nm),Error (nm),Stopping Voltage (VDC)
615,10,0.140695
640,10,0.1027
590,10,0.1124
535,30,0.283
505,30,0.36558
455,40,0.4195
390,40,0.6815
